/*CARRERA*/
insert into carreras values( 'G','Gastronomia')
insert into carreras values( 'A','Arquitectura')
insert into carreras values( 'F','Filosofia')
insert into carreras values( 'I','Ingeniería Eléctrica')

/*DEPARTAMENTO*/
insert into departamentos values(001,'Electronica')
insert into departamentos values(002,'Matematicas')
insert into departamentos values(003,'Civismo')
insert into departamentos values(004,'Ingenieria')
insert into departamentos values(005,'Fisica')
insert into departamentos values(006,'Dibujo')
insert into departamentos values(007,'Arte')
insert into departamentos values(008,'Cocina')
insert into departamentos values(009,'Filosofia')
insert into departamentos values(010,'Finanzas')
insert into departamentos values(011,'Gastronomia')
insert into departamentos values(012,'Nutrición')
insert into departamentos values(013,'Administración')
insert into departamentos values(014,'Arquitectura')
insert into departamentos values(015,'Quimica')
insert into departamentos values(016,'Idiomas')


/*PROFESORES*/
Insert into PROFESORES values ('PAMF551203YN1','Felipe              ','Palacios',' Martinez ','BENITO JUAREZ','05540','Lago Onega ',234       ,23,1)
Insert into PROFESORES values ('SEJA600118R66','Alberto             ','Serapio',' Jimenez   ','AZCAPOTZALCO','08320','Ricardo Flores Magon',265,709,1)
Insert into PROFESORES values ('CHMS881001MEX','Saul                ','Chavez',' Montes     ','VENUSTIANO CARRANZA','10290','Montevideo ',102       ,0,2)
Insert into PROFESORES values ('URCA911221CAO','Adolfo              ','Urutia',' Castillo   ','CUAUHTEMOC','08510','Lerdo ',2         ,0,2)
Insert into PROFESORES values ('CRCA660129U78','Alejandro           ','Cruz',' Casas        ','CUAUHTEMOC','01010','Luna ',1         ,0,3)
Insert into PROFESORES values ('ZAMI851010IME','Imelda              ','Zarate',' Morales    ','COYOACAN','04020','Felix Cuevas ',102       ,0,3)
Insert into PROFESORES values ('GOGA651129AEL','Artemio             ','Gonzalez',' Gutierrez','HIDALGO','05470','Minerva ',28        ,0,4)
Insert into PROFESORES values ('OCSV5511143RT','Victoria            ','Ochoa',' Suarez      ','AZCAPOTZALCO','05520','Insurgentes Norte ',823,21,4)
Insert into PROFESORES values ('ORDG911001T80','Genaro              ','Ortega',' Diaz       ','AZCAPOTZALCO','05530','Padierna ',910,22,5)
Insert into PROFESORES values ('FAMG691209234','Guadalupe           ','Farfan',' Mora       ','HIDALGO','05460','Lago Alberto ',269       ,4,6)
Insert into PROFESORES values ('PIMF600102UIO','Felipe Amaro        ','Piña',' Montiel      ','AZCAPOTZALCO','06940','Lago Alberto ',267       ,0,6)
Insert into PROFESORES values ('RUDI891030TAL','Ivone               ','Ruiz',' Diaz         ','VENUSTIANO CARRANZA','11230','Rio Tiber',167,10,6)
Insert into PROFESORES values ('PEPJ910808678','Juan                ','Perez',' Perez       ','VENUSTIANO CARRANZA','05560','Doctores ',988       ,0,7)
Insert into PROFESORES values ('SAPC811113T56','Carmen              ','Salazar',' Pineda    ','COYOACAN','11020','Melchor Ocampo ',1         ,2,14)
Insert into PROFESORES values ('ZAVI6412097N1','Irma                ','Zamudio',' Villa     ','COYOACAN','04370','Alamos ',56        ,0,9)
Insert into PROFESORES values ('GOPA770101KJ6','Angel Alberto       ','Gomez',' Perez       ','BENITO JUAREZ','05490','Luna ',22        ,0,8)
Insert into PROFESORES values ('LOAD690923UIO','David               ','Lopez',' Anguiano    ','BENITO JUAREZ','05500','Narvarte ',234       ,21,8)
Insert into PROFESORES values ('PEML830224   ','Laura               ','Morales',' Perez     ','AZCAPOTZALCO','05550','Insurgentes Norte ',123,24,8)
Insert into PROFESORES values ('GOMO751102L1O','Olga Maria          ','Mendez',' Gonzalez   ','HIDALGO','05480','Guerrero ',754       ,0,9)
Insert into PROFESORES values ('MEGM891130TR1','Martha              ','Mendoza',' Guillen   ','BENITO JUAREZ','05510','Monte Maria ',345       ,2,9)
Insert into PROFESORES values ('SAQL70229R44 ','Leonel              ','Salvador',' Quintero ','COYOACAN','08320','Lago Mayor ',923,0,9)
Insert into PROFESORES values ('AVAA821012A5A','Alicia              ','Avalos',' Andrade    ','CUAUHTEMOC','05450','Niza ',14        ,0,10)
Insert into PROFESORES values ('BEDD600406   ','David Alejandro     ','Benitez',' Duana     ','CUAUHTEMOC','06940','Marte ',21        ,3,10)
Insert into PROFESORES values ('VIMD741108TY7','David','Morales','Villanueva','XOCHIMILCO','16533','Ahualapa',34,0,1)
Insert into PROFESORES values ('PASJ830120','Julian','Saes','Paz','MILPA ALTA','12400','Camelia',356,23,2)
Insert into PROFESORES values ('LOMC640724MM6','Carlos','Mondragon','Lopez','TLAHUAC','13280','Ampliacion Lopez Portillo',36,0,2)
Insert into PROFESORES values ('LOLS700330T66','Sara Maria','Lopez','Lopez','CUAJIMALPA','05410','Av 1 de Mayo',480,0,2)
Insert into PROFESORES values ('SAPA711010','Andrea','Perez','Sanchez','IZTAPALAPA','09410','Aculco',23,23,5)
Insert into PROFESORES values ('PESJ691111GHD','Josefina','Sanchez','Perez','XOCHIMILCO','16533','Ahualapa',190,0,6)

/*MODULOS*/
Insert into MODULOS values (1,'Historia del Arte   ',3,1,'A','PEPJ910808678')
Insert into MODULOS values (2,'Teoria y aplicación del color',4,1,'A','PEPJ910808678')
Insert into MODULOS values (3,'Dibujo de representación',5,1,'A','FAMG691209234')
Insert into MODULOS values (4,'Modelo de gestión de negocio',2,1,'A','AVAA821012A5A')
Insert into MODULOS values (5,'Contexto del diseño',2,2,'A','PIMF600102UIO')
Insert into MODULOS values (6,'Métodos del diseño',5,2,'A','FAMG691209234')
Insert into MODULOS values (7,'Geometria descriptiva',6,2,'A','PASJ830120')
Insert into MODULOS values (8,'Diseño y comunicación',7,2,'A','RUDI891030TAL')
Insert into MODULOS values (9,'Diseño por computadora',10,3,'A','RUDI891030TAL')
Insert into MODULOS values (10,'Geometria aplicada',3,3,'A','URCA911221CAO')
Insert into MODULOS values (11,'Geometria           ',3,3,'A','LOMC640724MM6')
Insert into MODULOS values (12,'Matematicas I       ',3,3,'A','CHMS881001MEX')
Insert into MODULOS values (13,'Matematicas II      ',3,4,'A','CHMS881001MEX')
Insert into MODULOS values (14,'Historia de la aequitectura',2,4,'A','MEEH801020Y10')
Insert into MODULOS values (15,'Representación arquitectónica',5,4,'A','PEAM820327HHH')
Insert into MODULOS values (16,'Dib. Arquitectonico ',4,5,'A','RUDI891030TAL')
Insert into MODULOS values (17,'Resistencia de materiales arquitectonicos',3,5,'A','PEAM820327HHH')
Insert into MODULOS values (18,'Modelos y maquetas',2,5,'A','PIMF600102UIO')
Insert into MODULOS values (19,'Acondicionamiento térmico y acústico',1,5,'A','SAPC811113T56')
Insert into MODULOS values (20,'Instalaciones electricas',7,6,'A','MEEH801020Y10')
Insert into MODULOS values (21,'Instalaciones hidraulicas',8,6,'A','SAPC811113T56')
Insert into MODULOS values (22,'Construccion',4,6,'A','SAPC811113T56')
Insert into MODULOS values (23,'Historia de la Filosofia I',3,1,'F','GOMO751102L1O')
Insert into MODULOS values (24,'Textos filosoficos I',2,1,'F','GOMO751102L1O')
Insert into MODULOS values (25,'Etica I',3,1,'F','CRCA660129U78')
Insert into MODULOS values (26,'Logica I',4,1,'F','CHMS881001MEX')
Insert into MODULOS values (27,'Teoria del conocimiento II',5,1,'F','LOMC640724MM6')
Insert into MODULOS values (28,'Historia de la Filosofia II',6,2,'F','MEGM891130TR1')
Insert into MODULOS values (29,'Textos filosoficos II',7,2,'F','MEGM891130TR1')
Insert into MODULOS values (30,'Etica II',10,2,'F','CRCA660129U78')
Insert into MODULOS values (31,'Logica II',4,2,'F','URCA911221CAO')
Insert into MODULOS values (32,'Teoria del conocimiento III',6,3,'F','URCA911221CAO')
Insert into MODULOS values (33,'Historia de la Filosofia III',5,3,'F','SAQL70229R44 ')
Insert into MODULOS values (34,'Textos filosoficos III',3,3,'F','SAQL70229R44 ')
Insert into MODULOS values (35,'Metafisica y ontologia 1',5,3,'F','ORDG911001T80')
Insert into MODULOS values (36,'Filosofia politica',4,3,'F','SAQL70229R44 ')
Insert into MODULOS values (37,'Teoria del conocimiento IV',2,3,'F','LOMC640724MM6')
Insert into MODULOS values (38,'Historia de la Filosofia IV',1,4,'F','ZAVI6412097N1')
Insert into MODULOS values (39,'Estetica I',2,4,'F','PEPJ910808678')
Insert into MODULOS values (40,'Filosofia del lenguaje',3,4,'F','ZAVI6412097N1')
Insert into MODULOS values (41,'Metafisica y ontologia 2',4,4,'F','SAPA711010')
Insert into MODULOS values (42,'Teoria del conocimiento V',5,5,'F','LOLS700330T66')
Insert into MODULOS values (43,'Historia de la Filosofia V',6,5,'F','ZAVI6412097N1')
Insert into MODULOS values (44,'Filosofia de la ciencia',5,5,'F','GOMO751102L1O')
Insert into MODULOS values (45,'Enseñanza de la filosofia',6,5,'F','GOMO751102L1O')
Insert into MODULOS values (46,'Seminario optativa',5,5,'F','GOMO751102L1O')
Insert into MODULOS values (47,'Nutricion Producto I',4,1,'G','ISCC880606J67')
Insert into MODULOS values (48,'Técnicas y métodos de la gastronimia',3,1,'G','OLSV800915MEX')
Insert into MODULOS values (49,'Microbiologia, higiene y normatividad',7,1,'G','CAOC811226HG9')
Insert into MODULOS values (50,'Ensaladas, terrinas y guarniciones',8,1,'G','GOPA770101KJ6')
Insert into MODULOS values (51,'Los setidos y el maridaje',4,1,'G','OLSV800915MEX')
Insert into MODULOS values (52,'Administracion      ',3,2,'G','COPR830815U20')
Insert into MODULOS values (53,'Relaciones Publicas ',4,2,'G','LOJG640917HBU')
Insert into MODULOS values (54,'Serv. Gastronomico  ',3,2,'G','CAOC811226HG9')
Insert into MODULOS values (55,'Cocina mexicana',5,2,'G','PEML830224   ')
Insert into MODULOS values (56,'Sopas y salsas del mundo',4,2,'G','LOAD690923UIO')
Insert into MODULOS values (57,'Historia de la gastronomia del mundo',3,3,'G','OLSV800915MEX')
Insert into MODULOS values (58,'Enologia y Bebidas I',2,3,'G','LOAD690923UIO')
Insert into MODULOS values (59,'Nutricion Producto 2',2,3,'G','BUSR891003')
Insert into MODULOS values (60,'Analisis de Costos  ',3,3,'G','AVAA821012A5A')

/*ALUMNOS*/

Insert into ALUMNOS values (2020001,'Miguel Angel','Ruiz ','Esquivel','M','A',19970119)
Insert into ALUMNOS values (2020002,'Pedro','Lopez ','Lopez','M','A',19981209)
Insert into ALUMNOS values (2020003,'Laura Itzel','Alvarez ','Vázquez','F','A',20000807)
Insert into ALUMNOS values (2020004,'Alan Michael','Cruz ','Arriaga','M','A',19970725)
Insert into ALUMNOS values (2020005,'Cesár','Hernández ','Olvera','M','G',20000229)
Insert into ALUMNOS values (2020006,'Javier','Tenorio ','Hernández','M','G',19971111)
Insert into ALUMNOS values (2020007,'William Edgar','Yañez ','Rosas','M','G',19970120)
Insert into ALUMNOS values (2020008,'Monica','Medina ','Salvatierra','F','G',19990119)
Insert into ALUMNOS values (2020009,'Juan','Jones ','Mendoza','M','G',19991013)
Insert into ALUMNOS values (2020010,'Pedro','Perez ','Perez','M','I',19970801)
Insert into ALUMNOS values (2020011,'Emma','Landa ','Gonzalez','F','I',19960321)
Insert into ALUMNOS values (2020012,'Eduviges','Landa ','Fuentes','F','I',19991230)
Insert into ALUMNOS values (2020013,'Miguel Oman','Caballero ','Monroy','M','I',19991229)
Insert into ALUMNOS values (2020014,'Gustavo','García ','Galeana','M','F',20010130)
Insert into ALUMNOS values (2020015,'Susy','Juaréz ','Hernández','F','F',20011121)
Insert into ALUMNOS values (2020016,'Juan Carlos','Sánchez ','Ruiz','M','F',19970305)
Insert into ALUMNOS values (2020017,'Rodrigo','López ','López','M','F',19980228)
Insert into ALUMNOS values (2020018,'Humberto','Vega ','Resendiz','M','A',19990104)
Insert into ALUMNOS values (2020019,'Julio César','Reyes ','Diaz','M','A',20000501)
Insert into ALUMNOS values (2020020,'Lisbeth','Pedraza ','Velazquez','F','A',19941209)
Insert into ALUMNOS values (2020021,'Leticia','Pineda ','Ramos','F','A',19970119)
Insert into ALUMNOS values (2020022,'Jousua','Banderas ','Jimenez','M','G',19960815)
Insert into ALUMNOS values (2020023,'Eduardo','Montes ','Paez','M','G',20011209)
Insert into ALUMNOS values (2020024,'Adrian','Aldrete ','Sanchez','M','G',20010128)
Insert into ALUMNOS values (2020025,'Geromino','Aguilar ','Valdez','M','G',20020128)
Insert into ALUMNOS values (2020026,'Frida','Rocha ','Gómez','F','G',20001220)
Insert into ALUMNOS values (2020027,'Rocio','Peña ','Alcantara','F','I',20011121)
Insert into ALUMNOS values (2020028,'Luis','Rangel ','Fernandez','M','I',19980309)
Insert into ALUMNOS values (2020029,'Jorge','Padilla ','Lara','M','I',19921224)
Insert into ALUMNOS values (2020030,'Itzel','Martínez ','Rojas','F','I',20010126)
Insert into ALUMNOS values (2020031,'Oscar','Soriano ','Nolasco','M','F',20100716)
Insert into ALUMNOS values (2020032,'María Isabel','Cajero ','Lázaro','F','F',20090221)
Insert into ALUMNOS values (2020033,'Diego Armando','Diaz ','Diaz','M','F',20110128)
Insert into ALUMNOS values (2020034,'Cristian','Madueña ','Layun','M','F',20081111)
Insert into ALUMNOS values (2020035,'Juan Adrian','Aguilera ','Reyes','M','A',20020916)
Insert into ALUMNOS values (2020036,'Veronica','Reyes ','Ayala','F','A',20091120)
Insert into ALUMNOS values (2020037,'Victoria','Valenzuela ','Vargas','F','A',19990318)
Insert into ALUMNOS values (2020038,'Miriam','Vargas ','Salcedo','F','A',20011008)
Insert into ALUMNOS values (2020039,'Elsa Patricia','Islas ','Onofre','F','G',20010120)
Insert into ALUMNOS values (2020040,'Enrique Alejandro','Delgado ','Frías','M','G',19980128)
Insert into ALUMNOS values (2020041,'Raúl E.','Echeverria ','Morales','M','G',19980720)
Insert into ALUMNOS values (2020042,'Ramón','Ramirez ','Pascual','M','G',20050708)
Insert into ALUMNOS values (2020043,'Rodolfo','Suarez ','Matias','M','G',20011231)
Insert into ALUMNOS values (2020044,'Martha','Montiel ','Domingo','F','I',20001017)
Insert into ALUMNOS values (2020045,'Gustavo','Martinez ','Meza','M','I',20000430)
Insert into ALUMNOS values (2020046,'Jimena','Juarez ','Flores','F','I',20000501)
Insert into ALUMNOS values (2020047,'Rodrigo','Salinas ','Salinas','M','I',20030516)
Insert into ALUMNOS values (2020048,'Hiriam','Flores ','Muñoz','M','F',20011130)
Insert into ALUMNOS values (2020049,'Leticia Ana','Diaz ','Basanta','F','F',20000229)
Insert into ALUMNOS values (2020050,'Gilberto','edina ','Mendoza','M','F',20020606)
Insert into ALUMNOS values (2020051,'Francisco','Gonzalez ','Meza','M','F',20050501)
Insert into ALUMNOS values (2020052,'Dominique','Sandoval ','Montero','M','A',20040621)
Insert into ALUMNOS values (2020053,'Julio','Esquivel ','Chavez','M','A',20001231)
Insert into ALUMNOS values (2020054,'Victor','Martínez ','Amaro','M','A',20030505)
Insert into ALUMNOS values (2020055,'Daniel David','Olea ','Morelos','M','A',20050505)
Insert into ALUMNOS values (2020056,'Rafael','Longines ','Reyes','M','G',20021103)

/*CURSOS*/
insert into cursos values (1,'2020001','A01','NO')
insert into cursos values (1,'2020002','A01','NO')
insert into cursos values (1,'2020020','A01','SI')
insert into cursos values (1,'2020021','A01','NO')
insert into cursos values (1,'2020035','A01','NO')
insert into cursos values (2,'2020001','A02','NO')
insert into cursos values (2,'2020002','A02','NO')
insert into cursos values (2,'2020020','A02','NO')
insert into cursos values (2,'2020021','A02','NO')
insert into cursos values (2,'2020035','A02','NO')
insert into cursos values (3,'2020001','A03','NO')
insert into cursos values (3,'2020002','A03','NO')
insert into cursos values (3,'2020020','A03','NO')
insert into cursos values (3,'2020021','A03','NO')
insert into cursos values (3,'2020035','A03','NO')
insert into cursos values (4,'2020001','A04','SI')
insert into cursos values (4,'2020002','A04','NO')
insert into cursos values (4,'2020020','A04','NO')
insert into cursos values (4,'2020021','A04','NO')
insert into cursos values (4,'2020035','A04','NO')
insert into cursos values (5,'2020003','A05','NO')
insert into cursos values (5,'2020004','A05','SI')
insert into cursos values (5,'2020036','A05','NO')
insert into cursos values (5,'2020037','A05','NO')
insert into cursos values (6,'2020003','A06','NO')
insert into cursos values (6,'2020004','A06','NO')
insert into cursos values (6,'2020036','A06','NO')
insert into cursos values (6,'2020037','A06','SI')
insert into cursos values (7,'2020003','A07','NO')
insert into cursos values (7,'2020004','A07','NO')
insert into cursos values (7,'2020036','A07','NO')
insert into cursos values (7,'2020037','A07','NO')
insert into cursos values (8,'2020003','A08','NO')
insert into cursos values (8,'2020004','A08','NO')
insert into cursos values (8,'2020036','A08','NO')
insert into cursos values (8,'2020037','A08','NO')
insert into cursos values (9,'2020018','A09','SI')
insert into cursos values (9,'2020019','A09','NO')
insert into cursos values (9,'2020038','A09','NO')
insert into cursos values (9,'2020052','A09','NO')
insert into cursos values (10,'2020018','A10','NO')
insert into cursos values (10,'2020019','A10','NO')
insert into cursos values (10,'2020038','A10','NO')
insert into cursos values (10,'2020052','A10','NO')
insert into cursos values (11,'2020018','A11','NO')
insert into cursos values (11,'2020019','A11','NO')
insert into cursos values (11,'2020038','A11','NO')
insert into cursos values (11,'2020052','A11','NO')
insert into cursos values (12,'2020018','A12','NO')
insert into cursos values (12,'2020019','A12','NO')
insert into cursos values (12,'2020038','A12','NO')
insert into cursos values (12,'2020052','A12','SI')
insert into cursos values (13,'2020053','A13','NO')
insert into cursos values (13,'2020055','A13','NO')
insert into cursos values (14,'2020053','A14','SI')
insert into cursos values (14,'2020055','A14','NO')
insert into cursos values (15,'2020053','A15','NO')
insert into cursos values (15,'2020055','A15','NO')
insert into cursos values (16,'2020054','A16','NO')
insert into cursos values (17,'2020054','A17','NO')
insert into cursos values (18,'2020054','A18','NO')
insert into cursos values (19,'2020054','A19','NO')
